u,profile,dfa_lags,dfa_transform,dfa_ext_transform
0.10672905592127163,3.1583168804600463,2.3010299956639813,2.0846629749517422,1.9393214100523435
0.1253173922113133,6.335222097210134,2.0,1.7241468867344216,1.9613485107434998
0.1557611498108642,9.542571071559774,1.6989700043360187,1.3634049744063306,1.8108377368678332
0.19952147401157538,12.793680370110124,1.3010299956639813,0.9142260398942198,1.4789340731861997
0.25942151794055823,16.104689712589458,1.0,0.3404506768953458,0.9796762077596449
0.33973099073003127,19.496008527858265,0.6989700043360189,-0.24487820223899637,0.5163725963745438
0.446411477360358,22.994007829757397,,,
0.5875193314918432,26.633114985788016,,,
0.7737796805144308,30.45848249084122,,,
1.0193561100542674,34.52942642543426,,,
1.342844026535138,38.92385827650817,,,
1.7685064210964652,43.74395252214341,,,
2.327741829779712,49.1232821764619,,,
3.0607156563614346,55.23558565736211,,,
4.017943267793797,62.305116749694676,,,
5.261150985995919,70.61785556022937,,,
6.86148301274667,80.53092639751482,,,
8.890678347134624,92.47319256918821,,,
11.397169965169162,106.92195035889615,,,
14.355298372122808,124.32883655555773,,,
17.579085403735377,144.9595097838319,,,
20.62240865151653,168.63350625988718,,,
22.7634078591927,194.44850194361865,,,
23.225578187214065,220.72566795537148,,,
21.61997584509893,245.39723162500917,,,
18.23762630138685,266.6864457509348,,,
13.861470405556783,283.59950398103035,,,
9.30779569055731,295.9588874961264,,,
5.123422840306397,304.13389816097157,,,
1.5534066660951815,308.7388926516055,,,
-1.3594534962703437,310.43102697987393,,,
-3.6709413144829455,309.8116734899298,,,
-5.4692419028931125,307.3940194115754,,,
-6.842354298456591,303.6032529376576,,,
-7.865901473758222,298.78893928843814,,,
-8.601180627639007,293.23934648533793,,,
-9.09750854011155,287.19342576976516,,,
-9.395747460640813,280.8492661336631,,,
-9.531495234647616,274.3693587235542,,,
-9.537306755814926,267.8836397922781,,,
-9.443826299178697,261.4914013176382,,,
-9.28001024305284,255.2629788991241,,,
-9.072765518720447,249.24180120494245,,,
-8.846350499264023,243.44703853021718,,,
-8.621817709543178,237.87680864521278,,,
-8.416666885875928,232.51172958387562,,,
-8.24476497527205,227.31855243314234,,,
-8.11650458608223,222.2536356715989,,,
-8.039124199344936,217.26609929679273,,,
-8.017098409739768,212.30058871159173,,,
-8.052514312670269,207.29966222346025,,,
-8.145370120379102,202.20587992761992,,,
-8.293756268391075,196.9637114837676,,,
-8.493903598616377,191.52139570969,,,
-8.740107018707217,185.83287651552158,,,
-9.024557869847973,179.85990647021237,,,
-9.337145904434514,173.57434839031663,,,
-9.665321859643148,166.96061435521224,,,
-9.99413892684893,160.0180632529021,,,
-10.30660470064676,152.7630463767941,,,
-10.584458489744438,145.23017571158846,,,
-10.809427010912737,137.4723365252145,,,
-10.964900021565558,129.55902432818772,,,
-11.037824082279435,121.57278807044706,,,
-11.020482095593009,113.60389379939282,,,
-10.911768877605523,105.74371274632607,,,
-10.717635326002787,98.07766524486206,,,
-10.450555505292701,90.67869756410813,,,
-10.12811367728471,83.6021717113622,,,
-9.771020106358465,76.88273942954251,,,
-9.40096839772237,70.53335885635892,,,
-9.038719515271694,64.546227165626,,,
-8.7026718169025,58.89514317326227,,,
-8.408015160321295,53.53871583747975,,,
-8.166427429399157,48.423876232619364,,,
-7.986184298304067,43.48927975885407,,,
-7.872520626701067,38.66834695669178,,,
-7.82809053772684,33.89184424350371,,,
-7.853404212042897,29.09002785599959,,,
-7.947157186438658,24.194458494099706,,,
-8.106403138548709,19.13964318008977,,,
-8.326550660778437,13.864680343850107,,,
-8.601190334940359,8.315077833448523,,,
-8.92178561209789,2.4448800458894073,,,
-9.277294717661913,-3.7808268472337314,,,
-9.653832327789594,-10.38307135048455,,,
-10.034523215899153,-17.366006741844927,,,
-10.399730646268159,-24.71414956357431,,,
-10.727836903213047,-32.390398642248584,,,
-10.996686082877927,-40.335496900587735,,,
-11.185655038436112,-48.469564114485074,,,
-11.278112947831273,-56.69608923777757,,,
-11.263824257306622,-64.90832567054542,,,
-11.140738613879764,-72.99747645988641,,,
-10.915678031774114,-80.86156666712175,,,
-10.603687966273693,-88.41366680885668,,,
-10.226178847816795,-95.5882578321347,,,
-9.808301041626379,-102.34497104922231,,,
-9.376144792310205,-108.66952801699374,,,
-8.954302785829139,-114.5722429782841,,,
-8.564135681091095,-120.08479083483641,,,
-8.222842752837787,-125.25604576313542,,,
-7.9432468073766636,-130.1477047459733,,,
-7.734094064682156,-134.83021098611667,,,
-7.600641745755416,-139.37926490733332,,,
-7.5453321289216655,-143.8730092117162,,,
-7.568402472568823,-148.38982385974626,,,
-7.668333734596785,-153.00656976980426,,,
-7.842085622914045,-157.79706756817953,,,
-8.085097822807315,-162.83057756644806,,,
-8.391060971778217,-168.1700507136875,,,
-8.75148545129402,-173.86994834044273,,,
-9.155132268921179,-179.97349278482514,,,
-9.587423896897622,-186.509328857184,,,
-10.03001887810435,-193.48775991074956,,,
-10.460794491397632,-200.89696657760842,,,
-10.8545056087902,-208.69988436185986,,,
-11.184333435633025,-216.83262997295412,,,
-11.424368327453218,-225.20541047586858,,,
-11.55278681442237,-233.70660946575217,,,
-11.555156518146598,-242.21017815936,,,
-11.427078166625739,-250.58566850144697,,,
-11.175404435206122,-258.7094851121143,,,
-10.817615443971622,-266.47551273154716,,,
-10.379467192845043,-273.8033920998534,,,
-9.891526528864564,-280.6433308041792,,,
-9.38544953568491,-286.9771925153253,,,
-8.890782834830603,-292.81638752561713,,,
-8.432765156643086,-298.19756485772143,,,
-8.031248752800332,-303.177225785983,,,
-7.700583481829682,-307.82622144327394,,,
-7.450165172583157,-312.22479879131834,,,
-7.285328374943466,-316.45853934172305,,,
-7.208314558306552,-320.6152660754908,,,
-7.219124174925294,-324.7828024258773,,,
-7.316135013303474,-329.04734961464203,,,
-7.496427466479623,-333.4921892565829,,,
-7.755798971274113,-338.19640040331825,,,
-8.088479114070427,-343.2332916928499,,,
-8.48657897655903,-348.66828284487013,,,
-8.939331803001355,-354.55602682333273,,,
-9.432223595752319,-360.93666259454625,,,
-9.946189170606676,-367.8312639406141,,,
-10.457156910734556,-375.2368330268099,,,
-10.936320937200488,-383.1215661394716,,,
-11.351528879230598,-391.42150719416344,,,
-11.670018303630991,-400.0399376732557,,,
-11.862375036929109,-408.850724885646,,,
-11.907081818546521,-417.70621887965376,,,
-11.794573878633873,-426.4492049337489,,,
-11.529594535572324,-434.92721164478246,,,
-11.131024037818204,-443.0066478580619,,,
-10.629139280911284,-450.58419931443444,,,
-10.06108669097937,-457.59369818087504,,,
-9.465818198682456,-464.00792855501874,,,
-8.879683535061629,-469.8360242655416,,,
-8.333423554789979,-475.1178599957928,,,
-7.850753489131877,-479.9170256603859,,,
-7.448298863735892,-484.313736699583,,,
-7.136441559251917,-488.3985904342961,,,
-6.920617312470386,-492.2676199222277,,,
-6.802696388288968,-496.01872848597793,,,
-6.782200685637322,-499.7493413470765,,,
-6.857217432955434,-503.55497095549316,,,
-7.024944333289013,-507.5283274642434,,,
-7.281844071632895,-511.7585837113375,,,
-7.623407080693187,-516.3304029674919,,,
-8.043533940268583,-521.3223490832216,,,
-8.533568482526583,-526.8043297412095,,,
-9.08105673694815,-532.8337986536188,,,
-9.668391297150567,-539.4506021262306,,,
-10.27163257316857,-546.6706468748604,,,
-10.859959957736478,-554.4790190080581,,,
-11.396333686455574,-562.8237648699749,,,
-11.839922874922404,-571.6120999203584,,,
-12.15053537969899,-580.7110474755186,,,
-12.294613178941958,-589.9540728299218,,,
-12.251508301527739,-599.1539933069107,,,
-12.01818396257709,-608.120589444949,,,
-11.610684089663016,-616.6796857100733,,,
-11.061753343668057,-624.6898512292025,,,
-10.415351429540339,-632.053614834204,,,
-9.719770857903681,-638.721797867569,,,
-9.021230177314584,-644.6914402203448,,,
-8.359263349691828,-649.9991157454979,,,
-7.764376329028676,-654.7119042499878,,,
-7.2577220636239215,-658.918038489073,,,
-6.8521676898758725,-662.7186183544101,,,
-6.554072757608499,-666.2211032874798,,,
-6.365231249987858,-669.5347467129288,,,
-6.28462097840654,-672.7677798667966,,,
-6.309771347765049,-676.0259633900229,,,
-6.437674382616151,-679.4120499481003,,,
-6.6652246541243665,-683.0256867776859,,,
-6.989194774763886,-686.963293727911,,,
-7.405751529788861,-691.3174574331612,,,
-7.909511687391657,-696.175381296014,,,
-8.492146602714516,-701.6159400741898,,,
-9.140595632690038,-707.704947882341,,,
-9.835067346580951,-714.4884274043832,,,
-10.547212779848907,-721.9840523596934,,,
-11.239127656151428,-730.171592191306,,,
-11.864081762780195,-738.9840861295474,,,
-12.369876224301182,-748.3023745293099,,,
-12.705231979028692,-757.9560186837998,,,
-12.828503436808326,-767.7329342960694,,,
-12.716612024269281,-777.3979584957999,,,
-12.371222600188139,-786.7175932714492,,,
-11.819677278618094,-795.4856827255286,,,
-11.110108116354581,-803.5442030173444,,,
-10.302450936088077,-810.7950661288937,,,
-9.458418397471426,-817.2018967018264,,,
-8.63325943115956,-822.7835683084472,,,
-7.870817850503718,-827.6027983344122,,,
-7.201957948570641,-831.7531684584441,,,
-6.645510325046219,-835.3470909589515,,,
-6.210626092036813,-838.5061292264496,,,
-5.8995926475723,-841.3541340494832,,,
-5.710486690585744,-844.0130329155302,,,
-5.6393417784703015,-846.6007868694617,,,
-5.681717946745895,-849.2309169916688,,,
-5.833675698982708,-852.0130048661127,,,
-6.092198264899306,-855.0536153064733,,,
-6.455100363055249,-858.4571278449897,,,
-6.920430928512108,-862.325970948963,,,
-7.485340752471522,-866.7597238768958,,,
-8.144365547353555,-871.8525015997105,,,
-8.887101467307511,-877.6880152424793,,,
-9.69536772856601,-884.3317951465066,,,
-10.540210270569368,-891.8204175925372,,,
-11.379524560520865,-900.1483543285193,,,
-12.157584217257991,-909.2543507212386,,,
-12.80807128137918,-919.010834178079,,,
-13.261813889579031,-929.2210602431193,,,
-13.458905069084464,-939.6283774876649,,,
-13.362426868862707,-949.9392165319889,,,
-12.968975874705338,-959.8566045821555,,,
-12.311405020925038,-969.1164217785417,,,
-11.452243716989095,-977.5170776709921,,,
-10.47040722000501,-984.9358970664583,,,
-9.446309693392873,-991.3306189353124,,,
-8.450049200425969,-996.7290803111996,,,
-7.534920007610311,-1001.2124124942711,,,
-6.736026405065685,-1004.8968510747981,,,
-6.0723979271208925,-1007.9176611773802,,,
-5.550793690099879,-1010.4168670429412,,,
-5.169819107154092,-1012.5350983255565,,,
-4.923561763600238,-1014.407072264618,,,
-4.804421160228097,-1016.1599056003073,,,
-4.805093585211175,-1017.9134113609797,,,
-4.919807541987693,-1019.7816310784286,,,
-5.144938186406703,-1021.8749814402966,,,
-5.479103591453988,-1024.3024972072117,,,
-5.922788854275811,-1027.1736982369487,,,
-6.477472544989594,-1030.5995829573994,,,
-7.144156595615827,-1034.6921517284766,,,
-7.921144266326366,-1039.5617081702642,,,
-8.800908903299073,-1045.3110292490244,,,
-9.766019816183956,-1052.0254612406695,,,
-10.78444940693104,-1059.7583228230617,,,
-11.805282068112676,-1068.5120170666355,,,
-12.756836293948345,-1078.217265536045,,,
-13.550049648108539,-1088.715727359615,,,
-14.089651158965959,-1099.753790694042,,,
-14.293039405663814,-1110.9952422751671,,,
-14.112088800000254,-1122.0557432506287,,,
-13.549114963918091,-1132.553270390008,,,
-12.65897130107182,-1142.160653866541,,,
-11.535692044870864,-1150.644758086873,,,
-10.289879781394767,-1157.883050043729,,,
-9.026381124219009,-1163.8578433434093,,,
-7.8292550645279615,-1168.6355105833984,,,
-6.755916682596641,-1172.3398394414562,,,
-5.838460688725151,-1175.1267123056425,,,
-5.088872334245848,-1177.1639968153495,,,
-4.505352284288102,-1178.617761275099,,,
-4.078096742185934,-1179.644270192746,,,
-3.7938394662073067,-1180.3865218344147,,,
-3.639060569695103,-1180.973994579571,,,
-3.602050053336697,-1181.5244568083688,,,
-3.674098912376817,-1182.146967896207,,,
-3.8500727441253533,-1182.9454528157935,,,
-4.128559470393454,-1184.0224244616481,,,
-4.511701895591098,-1185.4825385327006,,,
-5.00473687905383,-1187.4356875872156,,,
-5.615165808374666,-1189.9992655710514,,,
-6.351372737098073,-1193.2990504836107,,,
-7.220388807198107,-1197.46785146627,,,
-8.224396531764386,-1202.6406601734957,,,
-9.355550521709965,-1208.944622870667,,,
-10.588942031893389,-1216.4819770780216,,,
-11.874359779070776,-1225.3047490325537,,,
-13.129192839540718,-1235.3823540475555,,,
-14.237177863999337,-1246.567944087016,,,
-15.059199347933971,-1258.5755556104111,,,
-15.45997312611155,-1270.9839409119838,,,
-15.345990369758137,-1283.2783434572032,,,
-14.699178090944997,-1294.9259337236094,,,
-13.587602271875811,-1305.4619481709465,,,
-12.145936901401392,-1314.5562972478092,,,
-10.536433842748773,-1322.0411432660192,,,
-8.91008918972336,-1327.8996446312037,,,
-7.382222164060506,-1332.2302789707255,,,
-6.025160651421138,-1335.203851797608,,,
-4.872920412239921,-1337.025184385309,,,
-3.93116007205324,-1337.9047566328236,,,
-3.1876117333634473,-1338.0407805416482,,,
-2.620663888826335,-1337.6098566059359,,,
-2.2054887589705308,-1336.7637575403676,,,
-1.9179550974070876,-1335.6301248132359,,,
-1.7368520011958444,-1334.3153889898929,,,
-1.644957151257535,-1332.9087583166117,,,
-1.6293880509920313,-1331.486558543065,,,
-1.6815604246409483,-1330.116531143167,,,
-1.7969764788676377,-1328.861919797496,,,
-1.9749859388307227,-1327.785317911788,,,
-2.2186032595725544,-1326.952333346822,,,
-2.5344194364482395,-1326.4351649587313,,,
-2.9326078542041047,-1326.3161849883966,,,
-3.426978589493528,-1326.6915757533513,,,
-4.034967504397679,-1327.6749554332102,,,
-4.777333921690669,-1329.400701530362,,,
-5.677163447575117,-1332.0262771533985,,,
-6.757518224624606,-1335.7322075534844,,,
-8.036745625584906,-1340.7173653545306,,,
-9.520115076867993,-1347.1858926068599,,,
-11.186442670741526,-1355.3207474530625,,,
-12.969619671399546,-1365.2387792999232,,,
-14.739025401818381,-1376.9262168772027,,,
-16.29048624103164,-1390.1651152936956,,,
-17.366878727142577,-1404.4804061962993,,,
-17.722416956405162,-1419.1512353281657,,,
-17.215507077536824,-1433.3151545811638,,,
-15.877786861804088,-1446.141353618429,,,
-13.907956107576608,-1456.997721901467,,,
-11.593156009832635,-1465.539290086761,,,
-9.212391447926635,-1471.7000937101488,,,
-6.973506616286377,-1475.6220125018965,,,
-4.996416396504737,-1477.5668410738624,,,
-3.326669752279229,-1477.841923001603,,,
-1.9592473897531795,-1476.7495825668173,,,
-0.8604813465011572,-1474.5584760887796,,,
0.016066888316161876,-1471.4908213759247,,,
0.7197047553207209,-1467.7195287960653,,,
1.2972307501898945,-1463.3707102213366,,,
1.7905625103382203,-1458.5285598864596,,,
2.236191208566132,-1453.2407808533546,,,
2.6656451965423544,-1447.5235478322736,,,
3.106425512242972,-1441.3655344954918,,,
3.5830641759157174,-1434.7308824950373,,,
4.118068280403341,-1427.5612263900953,,,
4.732560768123453,-1419.777077797433,,,
5.446415641946686,-1411.2790743309477,,,
6.277611601359769,-1401.949874905049,,,
7.240405552555105,-1391.6578815279552,,,
8.341800990539198,-1380.2644927128772,,,
9.57577221270436,-1367.6371326756341,,,
10.915051262582045,-1353.6704935885134,,,
12.301398877623967,-1338.3175068863507,,,
13.637548369872572,-1321.6283706919394,,,
14.787087768078408,-1303.7896950993222,,,
15.590167857906113,-1285.1479394168773,,,
15.898801448019935,-1266.1975501443185,,,
15.623358557390874,-1247.5226037623888,,,
14.768450044341783,-1229.7025658935083,,,
13.436317314292307,-1213.2146607546772,,,
11.794522508104198,-1198.3685504220343,,,
10.02669894693487,-1185.2902636505607,,,
8.290781367484325,-1173.9478944585376,,,
6.697739359804299,-1164.1985672741946,,,
5.309571252547706,-1155.837408197108,,,
4.148447510428975,-1148.6373728621404,,,
3.2092830759045583,-1142.3765019616972,,,
2.471199481798343,-1136.8537146553601,,,
1.906172603540592,-1131.8959542272808,,,
1.4847763471499629,-1127.359590055592,,,
1.179578303529729,-1123.1284239275235,,,
0.9668657535158036,-1119.109970349469,,,
0.8272882548577632,-1115.2310942700724,,,
0.7458540952241297,-1111.4336523503096,,,
0.7115805635914728,-1107.6704839621793,,,
0.7169982353931335,-1103.9018979022474,,,
0.7576476720732725,-1100.0926624056353,,,
0.831664292627615,-1096.209410288469,,,
0.9395050887753995,-1092.2183173751548,,,
1.0838309145164076,-1088.0828986360996,,,
1.2695339830461831,-1083.7617768285147,,,
1.5038955597871362,-1079.2062934441888,,,
1.7968632201134735,-1074.3578423995366,,,
2.1614373401286406,-1069.1448172348692,,,
2.6141430372871457,-1063.4790863730432,,,
3.1755265177322833,-1057.251972030772,,,
3.8705359238956225,-1050.3298482823377,,,
4.7284935713264895,-1042.5497668864725,,,
5.782085685496191,-1033.7160933764376,,,
7.064318331821529,-1023.6001872200773,,,
8.601675617943005,-1011.9469237775954,,,
10.400929287477743,-998.4944066655789,,,
12.426978903319098,-983.015839937721,,,
14.571881811935672,-965.3923703012466,,,
16.624388122277974,-945.7163943544299,,,
18.26576491178254,-924.3990416181085,,,
19.128525534871688,-902.218928258698,,,
18.92823147830087,-880.2391089558585,,,
17.605273726381416,-859.5822474049382,,,
15.36775163858537,-841.1629079418141,,,
12.595297607494668,-825.5160225097807,,,
9.682485201642855,-812.7819494835991,,,
6.926622496192108,-802.8037391628682,,,
4.495593290751483,-795.2565580475779,,,
2.449217037930206,-789.7557531851089,,,
0.7769850349825238,-785.9271803255876,,,
-0.5688990271398748,-783.4444915281888,,,
-1.6510472542457657,-782.0439509578957,,,
-2.533769240568737,-781.5261323739257,,,
-3.2764081656455457,-781.7509527150326,,,
-3.9306151936808917,-782.6299800841747,,,
-4.539801078894124,-784.1181933385301,,,
-5.139609632393876,-786.2062151463851,,,
-5.758666547431761,-788.9132938692782,,,
-6.419119486577108,-792.2808255313165,,,
-7.1366460119381125,-796.3658837187158,,,
-7.9197089582632225,-801.2340048524403,,,
-8.767941297937428,-806.9503583258389,,,
-9.669717751881226,-813.5684882531814,,,
-10.59929933155992,-821.1161997602026,,,
-11.51446807126758,-829.5790800069313,,,
-12.356220195888655,-838.8837123782812,,,
-13.052506158817941,-848.8846307125604,,,
-13.52754575452627,-859.3605886425479,,,
-13.716315733069155,-870.0253165510783,,,
-13.580709276148133,-880.5544380026877,,,
-13.121399830439916,-890.6242500085888,,,
-12.37997807967124,-899.9526402637213,,,
-11.430020856248044,-908.3310732954305,,,
-10.360876639009014,-915.6403621099008,,,
-9.26058624966118,-921.8493605350233,,,
-8.20323634218679,-927.0010090526713,,,
-7.242827238555396,-931.1922484666879,,,
-6.412859060525498,-934.5535197026746,,,
-5.729508861184754,-937.2314407393206,,,
-5.196293779163916,-939.3761466939458,,,
-4.808761436419786,-941.1333203058268,,,
-4.558445100337053,-942.6401775816252,,,
-4.435825072460358,-944.0244148295467,,,
-4.432326507057937,-945.4051535120658,,,
-4.541511223674835,-946.8950769112018,,,
-4.759643592691123,-948.6031326793542,,,
-5.085770758919191,-950.6373156137346,,,
-5.521384874946701,-953.1071126641425,,,
-6.069647589893567,-956.1251724294973,,,
-6.734064955391052,-959.8076495603495,,,
-7.516416217109776,-964.2724779529206,,,
-8.413692117695533,-969.6345822460773,,,
-9.41385456403982,-975.9968489855784,,,
-10.49051212987445,-983.4357732909141,,,
-11.597276159123785,-991.9814616254992,,,
-12.663702500017525,-1001.5935763009779,,,
-13.596045086215263,-1012.1380335626544,,,
-14.286522978514512,-1023.3729687166301,,,
-14.63279281155095,-1034.9541737036423,,,
-14.564029511660568,-1046.466615390764,,,
-14.063827131144373,-1057.4788546973696,,,
-13.178505012916762,-1067.6057718857476,,,
-12.005782701030487,-1076.5599667622394,,,
-10.669296136632218,-1084.177675074333,,,
-9.290785128072443,-1090.4168723778666,,,
-7.970018069561696,-1095.3353026228895,,,
-6.776054578915064,-1099.0597693772656,,,
-5.747875570725998,-1101.7560571234528,,,
-4.9002542267381815,-1103.6047235256522,,,
-4.231233992254638,-1104.784369693368,,,
-3.7290172382028266,-1105.461799107032,,,
-3.3773506748264857,-1105.7875619573197,,,
-3.159290875890238,-1105.8952650086712,,,
-3.0596116565408145,-1105.9032888406732,,,
-3.066224515719141,-1105.9179255318536,,,
-3.170938729289087,-1106.0372764366039,,,
-3.3697787952114377,-1106.3554674072766,,,
-3.6629843669635584,-1106.9668639497013,,,
-4.054769037768531,-1107.970045162931,,,
-4.552868369638621,-1109.471325708031,,,
-5.167819938151792,-1111.587557821644,,,
-5.911785111305721,-1114.4477551084108,,,
-6.796560475754024,-1118.192727759626,,,
-7.830258857886653,-1122.9713987929738,,,
-9.012028852029434,-1128.9318398204643,,,
-10.324302732054681,-1136.2045547279802,,,
-11.722774202327738,-1144.875741105769,,,
-13.126106015026576,-1154.950259296257,,,
-14.410434130462463,-1166.3091056021806,,,
-15.41679255756757,-1178.6743103352094,,,
-15.97877982083476,-1191.6015023315053,,,
-15.968561529051778,-1204.5184760360185,,,
-15.343574519288264,-1216.810462730768,,,
-14.167604830606518,-1227.9264797368357,,,
-12.591814377036256,-1237.4667062893332,,,
-10.806785742863235,-1245.2219042076576,,,
-8.992163744435276,-1251.162480127554,,,
-7.284535354887333,-1255.3954276579027,,,
-5.767928280669971,-1258.1117681140338,,,
-4.479976677403805,-1259.5401569668988,,,
-3.424600188301399,-1259.9131693306615,,,
-2.584897218725133,-1259.4464787248478,,,
-1.9334217883187272,-1258.3283126886276,,,
-1.4392706147175733,-1256.7159954788065,,,
-1.0724278170210948,-1254.7368354712887,,,
-0.8060917053750745,-1252.4913393521251,,,
-0.6176564437089085,-1250.0574079712953,,,
-0.4888704777712529,-1247.4946906245277,,,
-0.40554111241959534,-1244.8486439124085,,,
-0.3570307625763798,-1242.1540868504462,,,
-0.3356985775418666,-1239.4381976034492,,,
-0.3363767427331106,-1236.7229865216436,,,
-0.3559279178960937,-1234.027326615001,,,
-0.39290359044902423,-1231.368642380911,,,
-0.4473080610188049,-1228.764362617391,,,
-0.5204656901565637,-1226.2332404830088,,,
-0.6149871467816158,-1223.7966398052515,,,
-0.7348316953734947,-1221.4798836760863,,,
-0.8854655975862303,-1219.3137614491338,,,
-1.074120358860915,-1217.336293983456,,,
-1.3101576622264681,-1215.5948638211437,,,
-1.605548668466294,-1214.1488246650713,,,
-1.9754706923141445,-1213.0727075328466,,,
-2.4390076489758203,-1212.4601273572837,,,
-3.01989929445583,-1212.4284388272008,,,
-3.7471933403224402,-1213.1240443429845,,,
-4.6554681213787585,-1214.7279246398246,,,
-5.783933570483719,-1217.4602703857695,,,
-7.173073395938182,-1221.581755957169,,,
-8.856471652544933,-1227.3866397851752,,,
-10.844244714085132,-1235.1792966747216,,,
-13.094189217584516,-1245.2218980677674,,,
-15.470641000746319,-1257.640951243975,,,
-17.70481262021659,-1272.2941760396527,,,
-19.39527377452444,-1288.6378619896384,,,
-20.100286443408535,-1305.6865606085082,,,
-19.523527735198176,-1322.1585005191675,,,
-17.68227347887469,-1336.7891861735034,,,
-14.911267290577365,-1348.648865639542,,,
-11.695088051744758,-1357.292365866748,,,
-8.471869201352527,-1362.7126472435618,,,
-5.529700763130361,-1365.1907601821533,,,
-3.0028712962602238,-1365.1420436538747,,,
-0.9154706216167563,-1363.0059264509528,,,
0.770914998025862,-1359.183423628388,,,
2.122372032665697,-1354.0094637711836,,,
3.2117826236125473,-1347.7460933230323,,,
4.1079859198295985,-1340.586519578664,,,
4.871006758982553,-1332.6639249951427,,,
5.5505588367858945,-1324.061778333818,,,
6.186103137764516,-1314.8240873715147,,,
6.807461820626328,-1304.9650377263495,,,
7.435425110383387,-1294.4780247914273,,,
8.082058025782741,-1283.3443789411058,,,
8.750604420536098,-1271.542186696031,,,
9.435059462508885,-1259.0555394089833,,,
10.119674635171366,-1245.8842769492733,,,
10.778873527587749,-1232.0538155971467,,,
11.378238769112189,-1217.6239890034958,,,
11.877256780511564,-1202.6951443984456,,,
12.23421274330659,-1187.4093438306002,,,
12.412920739195267,-1171.9448352668662,,,
12.390005289492104,-1156.5032421528354,,,
12.160694898896299,-1141.2909594294003,,,
11.741127631328757,-1126.498243973533,,,
11.166219488154708,-1112.2804366608393,,,
10.483746550072679,-1098.7451022862278,,,
9.746567733751085,-1085.946946727938,,,
9.005243512718035,-1073.890115390681,,,
8.30270932753909,-1062.5358182386033,,,
7.6716309067170085,-1051.8125995073474,,,
7.134149183680287,-1041.6268624991283,,,
6.703231198613166,-1031.8720434759764,,,
6.384787993847612,-1022.43566765759,,,
6.179916090225041,-1013.2041637428262,,,
6.086872155158775,-1004.0657037631286,,,
6.102594884599132,-994.9115210539907,,,
6.223716318940542,-985.6362169105114,,,
6.447066800361801,-976.1375622856108,,,
6.769693808655819,-966.3162806524161,,,
7.188405109291209,-956.0762877185862,,,
7.698829903277539,-945.3258699907699,,,
8.293988482572074,-933.980293683659,,,
8.962397037617217,-921.966308821503,,,
9.685841588085419,-909.2288794088788,,,
10.437162849093184,-895.7401287352468,,,
11.178701647441965,-881.509839263266,,,
11.862381303985076,-866.5958701347422,,,
12.432536403652671,-851.1117459065507,,,
12.832214119760804,-835.2279439622512,,,
13.012541754004786,-819.1638143837076,,,
12.943092221687104,-803.1691343374818,,,
12.619870304222722,-787.4976762087202,,,
12.067708873848602,-772.3783795103328,,,
11.33585984291611,-757.9909318428779,,,
10.488360905201782,-744.4509831131373,,,
9.592639970878354,-731.8067553177202,,,
8.709814955474595,-720.0453525377069,,,
7.888682398577533,-709.1050823145906,,,
7.163628908273428,-698.8898655817784,,,
6.555533783255736,-689.2827439739839,,,
6.0743645146520775,-680.1567916347931,,,
5.722345427951008,-671.3828583823033,,,
5.496962721625287,-662.8343078361393,,,
5.393430867411646,-654.3892891441889,,,
5.4064970398313585,-645.9312042798188,,,
5.5315974723126535,-637.3480189829673,,,
5.765430088575139,-628.5310010698535,,,
6.106002408171156,-619.3734108371435,,,
6.552177130707739,-609.769645881897,,,
7.102688857882923,-599.6153691994753,,,
7.754563018561751,-588.8092183563747,,,
8.500859273293699,-577.2567712585422,,,
9.327730049388078,-564.8774533846154,,,
10.210992515339154,-551.6148730447375,,,
11.112819764591523,-537.4504654556072,,,
11.97975573659454,-522.4191218944738,,,
12.743845866943715,-506.62368820299133,,,
13.328744166031505,-490.2433562124211,,,
13.661521476537471,-473.5302469113448,,,
13.688303853848845,-456.7903552329572,,,
13.388836859858714,-440.3499305485597,,,
12.78387835864317,-424.51446436537776,,,
11.931708967460935,-409.53116757337807,,,
10.915026629283348,-395.56455311955597,,,
9.823682183697121,-382.6892831113201,,,
8.73944543147229,-370.898249855309,,,
7.726571969787508,-360.12009006098276,,,
6.8286901512744995,-350.2398120851695,,,
6.0703835164744335,-341.1178407441563,,,
5.461253140257915,-332.6049997793596,,,
5.000653129682437,-324.5527588251384,,,
4.682008983436353,-316.8191620171633,,,
4.496243972882983,-309.27133021974157,,,
4.434229863389956,-301.78551253181286,,,
4.488370701442104,-294.245554005832,,,
4.653487984530416,-286.5404781967628,,,
4.927159322261417,-278.56173104996265,,,
5.309607082543747,-270.20053614288014,,,
5.803157741514856,-261.3457905768265,,,
6.411206314184002,-251.88299643810373,,,
7.136532139632273,-241.69487647393268,,,
7.978742154997582,-230.66454649439632,,,
8.930613051178565,-218.682345618679,,,
9.973259306462621,-205.6574984876776,,,
11.070517889814305,-191.53539277332453,,,
12.163854462026709,-176.31995048675904,,,
13.170393314294154,-160.0979693479261,,,
13.987716259346218,-143.0586652640411,,,
14.508447348246362,-125.49863009125598,,,
14.643887529838906,-107.8031547368783,,,
14.349716366234205,-90.40185054610532,,,
13.642317293795033,-73.7079454277715,,,
12.596809803786888,-58.059547799445845,,,
11.327255301946932,-43.68070467296014,,,
9.95867748844768,-30.670439359973685,,,
8.60260125404814,-19.016250281386768,,,
7.342931586314189,-8.621730870533803,,,
6.232518328992264,0.6623752829972354,,,
5.296948562091289,9.010911669627298,,,
4.541535759353922,16.604035253519996,,,
3.9586225174468357,23.614245595505608,,,
3.533727563262223,30.199560983306604,,,
3.250087753115181,36.501236560960564,,,
3.0916933174455172,42.64451770294485,,,
3.0451285207936536,48.74123404827728,,,
3.1005609797291407,54.893382852545194,,,
3.25217224540647,61.19714292249044,,,
3.4982435826764875,67.74697432970571,,,
3.8410268426967558,74.63958899694124,,,
4.286445951523722,81.97762277300374,,,
4.843585040919535,89.87279563846205,,,
5.523814658046283,98.44819812104711,,,
6.339277508858146,107.83906345444403,,,
7.300299423771356,118.19095070275417,,,
8.411143042360036,129.65368156965297,,,
9.663495932932522,142.36876532712427,,,
11.027448188862385,156.44780134052542,,,
12.440919442848806,171.94030860791298,,,
13.800973525680963,188.7928699581327,,,
14.963825513281215,206.8082832959527,,,
15.762055132234904,225.62192625272638,,,
16.04280701647333,244.7163210937385,,,
15.717230249401839,263.4851391676791,,,
14.797093764464956,281.3338207566828,,,
13.395612012071323,297.7810205932929,,,
11.690815124745644,312.52342354257735,,,
9.873006891330547,325.44801825844667,,,
8.102188511223432,336.60179459420885,,,
6.487912521721578,346.1412949404692,,,
5.0889844337359555,354.28186719874395,,,
3.9239774071505673,361.2574324304333,,,
2.9845777603441626,367.29359801531626,,,
2.2473347548495703,372.5925205947046,,,
1.6823089070366364,377.32641732627997,,,
1.2586836984663663,381.6366888492851,,,
0.9479866155682255,385.6362632893921,,,
0.7256414272488718,389.4134925411798,,,
0.5714574856334799,393.036537851352,,,
0.46950410894489614,396.5576297848357,,,
0.4076763561670553,400.0168939655415,,,
0.3771482990875361,403.4456300891678,,,
0.37183081134615675,406.8690487250528,,,
0.38789755647363855,410.30853410606517,,,
0.42340912467125413,413.7835310552752,,,
0.47804565301325275,417.3131645328272,,,
0.5529483346928971,420.9177006920589,,,
0.6506666136411711,424.6199551302388,,,
0.7752081082864385,428.446751063064,,,
0.9321906045135775,432.43052949211636,,,
1.129098340286532,436.6112156569417,,,
1.3756467707958002,441.0384502522763,,,
1.684259007453433,445.7742970842685,,,
2.0706498461390908,450.89653475494634,,,
2.554493832830065,456.5026164123152,,,
3.1601105174299184,462.7143147542839,,,
3.9170074706636546,469.68291004948634,,,
4.859924859567618,477.59442273359275,,,
6.027626756137183,486.6736373142687,,,
7.458966980313531,497.184192119121,,,
9.183686909683965,509.41946685334375,,,
11.204292011924023,523.6753466898066,,,
13.465555205126346,540.1924897194717,,,
15.813292777621276,559.0573703216318,,,
17.959483692396674,580.0684418385672,,,
19.49518030820159,602.6152099713075,,,
19.998142518953742,625.6649403148001,,,
19.22034702476337,647.9368751641023,,,
17.233083459753452,668.2215464483945,,,
14.399907706591119,685.6730419795244,,,
11.199235081466263,699.9238648855295,,,
8.042454191092036,711.0179069011604,,,
5.1892140453826965,719.2587087710818,,,
2.753440809709566,725.0637374053301,,,
0.7479944135494119,728.8633196434183,,,
-0.8701890449088572,731.0447184230483,,,
-2.168064283781355,731.9282419638057,,,
-3.2175688684495594,731.762260919895,,,
-4.085931976447762,730.727916767986,,,
-4.831495791383469,728.9480088011413,,,
-5.502487731640865,726.4971088940392,,,
-6.137169670071689,723.4115270485063,,,
-6.764444256323325,719.6986706167218,,,
-7.404396188850287,715.3458622524103,,,
-8.06849282117531,710.3289572557737,,,
-8.759346018672188,704.6211990616404,,,
-9.470106608103727,698.2026802780754,,,
-10.1837657415719,691.0705023610423,,,
-10.872880598626463,683.2492095869545,,,
-11.500465180443447,674.8003322310499,,,
-12.022842173453345,665.8290778821353,,,
-12.394935901435952,656.4857298052381,,,
-12.577677260915756,646.9596403688611,,,
-12.546060004739026,637.4651681886609,,,
-12.295500160067354,628.2212558531323,,,
-11.844210229585993,619.4286334480851,,,
-11.230562594422363,611.2496586782015,,,
-10.506303944577375,603.7949425581629,,,
-9.727921258238764,597.118609124463,,,
-8.948715283081125,591.2214816659206,,,
-8.213313778127883,586.0597557123315,,,
-7.555138160129068,581.5562053767412,,,
-6.99637758208533,577.6114156191946,,,
-6.549587189642202,574.1134162540912,,,
-6.220027711650268,570.9449763669797,,,
-6.008086623255792,567.9884775682627,,,
-5.911386095393964,565.1286792974075,,,
-5.926394856920037,562.2538722650263,,,
-6.049493655328162,559.2559664342369,,,
-6.277506422447761,556.030047836328,,,
-6.607722332630051,552.4739133282367,,,
-7.037419246498723,548.4880819062768,,,
-7.562877056157412,543.9767926746581,,,
-8.177861941199032,538.8505185579978,,,
-8.871595331242059,533.0305110512945,,,
-9.626325413806162,526.4557734620271,,,
-10.414827357697098,519.0925339288688,,,
-11.198487424440504,510.945634328967,,,
-11.927018056507617,502.07020409699817,,,
-12.541086928395258,492.5807049931417,,,
-12.978831204457842,482.65346161322265,,,
-13.18602514211656,472.51902429564484,,,
-13.127737887085509,462.4428742330981,,,
-12.797654309729527,452.69680774790737,,,
-12.22123162080542,443.5271639516407,,,
-11.451088315207627,435.12766346097186,,,
-10.556322997265099,427.62292828824553,,,
-9.609746722293869,421.0647693904904,,,
-8.677046655609848,415.43931055941937,,,
-7.810171834151515,410.68072654980665,,,
-7.045163079093088,406.68715129525236,,,
-6.4033102131310695,403.33542890666007,,,
-5.894134031708241,400.4928826994906,,,
-5.518932038890719,398.02553848513867,,,
-5.274084830064756,395.80304147961266,,,
-5.153735209071133,393.7008940950803,,,
-5.151731729422568,391.6007501901965,,,
-5.2628754017508115,389.38946261298446,,,
-5.483558861878605,386.9574915756446,,,
-5.811877713988214,384.19720168619517,,,
-6.247250770776475,381.0015387399575,,,
-6.789527965195024,377.26359859930125,,,
-7.437508224302305,372.87767819953774,,,
-8.186757775526402,367.7425082485501,,,
-9.026652489790948,361.76744358329796,,,
-9.936730656538234,354.8823007512985,,,
-10.882814539683102,347.05107403615415,,,
-11.813980517129737,338.2886813435632,,,
-12.662204354584759,328.6780648135172,,,
-13.346927129524264,318.38272550853173,,,
-13.786085420506872,307.64822791256364,,,
-13.912683921938704,296.7871318151637,,,
-13.692325168727907,286.1463944709746,,,
-13.134634929002113,276.06334736651127,,,
-12.292954270871968,266.8219809201781,,,
-11.25201652541237,258.6215522193045,,,
-10.108993487015313,251.56414655682795,,,
-8.955335186006602,245.66039919536013,,,
-7.864634914905212,240.8473521049937,,,
-6.887858504444916,237.01108142508755,,,
-6.054372364853834,234.0082968847725,,,
-5.376202001989958,231.6836827073213,,,
-4.853308574727029,229.88196195713306,,,
-4.478508264949594,228.45504151672225,,,
-4.241416540635073,227.26521280062596,,,
-4.131290870600902,226.18550975456384,,,
-4.138892009205553,225.09820556989706,,,
-4.257566621555089,223.89222677288075,,,
-4.483744914996876,222.46006968242264,,,
-4.816992222459286,220.69466528450212,,,
-5.259676902826195,218.4865762062147,,,
-5.816228128433944,215.72193590231953,,,
-6.491860004835938,212.28166372202236,,,
-7.290540639666162,208.04271090689497,,,
-8.211911683289394,202.88238704814435,,,
-9.246880602176256,196.68709427050686,,,
-10.37184534138423,189.3668367536614,,,
-11.542168063959656,180.8762565142405,,,
-12.686758471523884,171.2410858672554,,,
-13.70727391558899,160.58539977620518,,,
-14.486449530477657,149.1505380702663,,,
-14.90842744772186,137.29369844708322,,,
-14.888167446270236,125.45711882535176,,,
-14.399202694461707,114.10950395542882,,,
-13.485751478055299,103.6753403019123,,,
-12.251809480859501,94.47511864559158,,,
-10.832637150020805,86.69406932010955,,,
-9.362587495049262,80.38306964959907,,,
-7.951650540678495,75.48300693345935,,,
-6.675280115458361,71.85931464253976,,,
-5.575185109050324,69.3357173580282,,,
-4.666139070751171,67.7211661118158,,,
-3.944519531365191,66.82823440498939,,,
-3.396060047818274,66.48376218170989,,,
-3.0018234252518545,66.5335265809968,,,
-2.7423103429213898,66.84280406261419,,,
-2.6000166678855314,67.29437521926744,,,
-2.560855705670407,67.7851073381358,,,
-2.6148271231141345,68.22186803956045,,,
-2.756231361752993,68.51722450234622,,,
-2.9836379687482673,68.58517435813673,,,
-3.2997325459130025,68.3370296367625,,,
-3.71109036681278,67.67752709448848,,,
-4.227848225396788,66.50126669363047,,,
-4.863158111459855,64.68969640670939,,,
-5.632191456160724,62.10909277508744,,,
-6.5503044267067,58.610376172919516,,,
-7.629768810303076,54.03219518715522,,,
-8.874270194128904,48.209512817565084,,,
-10.270369711979313,40.99073093012454,,,
-11.77576627215654,32.266552482506775,,,
-13.306189333353316,22.011950973692233,,,
-14.726595378549174,10.336943419681834,,,
-15.856846741437113,-2.468315497216505,,,
-16.502382799020413,-15.919110471698144,,,
-16.509610440946584,-29.377133088105953,,,
-15.824680343232556,-42.15022560679974,,,
-14.520999228957173,-53.61963701121813,,,
-12.775702994946604,-63.34375218162596,,,
-10.80976239057922,-71.1019267476664,,,
-8.82681601192168,-76.8771549350493,,,
-6.976521517291211,-80.80208862780174,,,
-5.34612458261138,-83.09662538587435,,,
-3.9700712310174,-84.01510879235298,,,
-2.8460132889606164,-83.80953425677481,,,
-1.9499512562231214,-82.70789768845916,,,
-1.247694770280062,-80.90400463420045,,,
-0.7023918296453121,-78.55480863930698,,,
-0.2788849328968848,-75.7821057476651,,,
0.05416938917954128,-72.67634853394678,,,
0.32362065544522517,-69.30114005396278,,,
0.5519976444117966,-65.69755458501221,,,
0.7581381944813689,-61.887828565992066,,,
0.9580253915508952,-57.8782153499024,,,
1.165684030906218,-53.660943494457406,,,
1.3940611159789753,-49.21529455393966,,,
1.6558586501325183,-44.50784807926836,,,
1.964313993196829,-39.49194626153276,,,
2.3339376525940225,-34.106420784399965,,,
2.781217743478095,-28.273615216383096,,,
3.3252680810765787,-21.89675931076774,,,
3.988309116208261,-14.856862370020707,,,
4.795716198325043,-7.009558347156889,,,
5.775145245294627,1.817174722676513,,,
6.953920569400337,11.822683116615625,,,
8.353403101257028,23.22767404241143,,,
9.978558258333532,36.257820125283736,,,
11.800967410510214,51.110375360332725,,,
13.735468976741167,67.89743216161267,,,
15.616670174430315,86.56569016058177,,,
17.192453471530403,106.80973145665095,,,
18.160128493122357,128.0214477743121,,,
18.257914615311687,149.33095021416256,,,
17.378597197571107,169.76113523627242,,,
15.629925306492328,188.44264836730352,,,
13.291757088321788,204.7859932801641,,,
10.702248953141757,218.53983005784463,,,
8.151367433446818,229.74278531583022,,,
5.829822213046336,238.62419535341533,,,
3.8295479289277057,245.5053311068818,,,
2.1691193876381596,250.72603831905874,,,
0.822512873901595,254.60013901749912,,,
-0.25837246934519853,257.39335437269267,,,
-1.1290560533508418,259.3158861438806,,,
-1.8441620748307095,260.5233118935887,,,
-2.45340214288538,261.1214975752421,,,
-3.000181319022339,261.1729040807585,,,
-3.5216624820077427,260.70282942328953,,,
-4.049523633007452,259.70489361482083,,,
-4.610901368772136,258.14558007058747,,,
-5.229158193728585,255.96800970139765,,,
-5.924176827470982,253.09542069846543,,,
-6.711898384132702,249.4351101388715,,,
-7.602806530652451,244.88389143275782,,,
-8.599060527744493,239.3364187295521,,,
-9.690094771111562,232.6979117829793,,,
-10.846903530013591,224.90259607750448,,,
-12.016126402263385,215.93805749977986,,,
-13.116503688094904,205.87314163622372,,,
-14.041780111872907,194.88294934888958,,,
-14.674211088238751,183.2603260851896,,,
-14.909444594894701,171.40246931483367,,,
-14.686462381107054,159.76759475826537,,,
-14.009690106617084,148.80949247618707,,,
-12.951227072044015,138.90985322868184,,,
-11.63127512432368,130.33016592889695,,,
-10.186760100793418,123.1949936526423,,,
-8.742298583894538,117.50428289328653,,,
-7.392644998048978,113.16322571977632,,,
-6.197792425682031,110.01702111863307,,,
-5.18685454074088,107.88175440243096,,,
-4.365899008749912,106.56744321821982,,,
-3.7262324065552663,105.89279863620332,,,
-3.2513613285224174,105.69302513221967,,,
-2.9220974092109833,105.82251554754747,,,
-2.7199296520444647,106.15417372004178,,,
-2.62903492634191,106.57672661823865,,,
-2.6373280750288366,106.99098636774859,,,
-2.736892538405766,107.30568165388159,,,
-2.9240473310015624,107.4332221474188,,,
-3.1992261926786894,107.2855837792789,,,
-3.5667756866445863,106.77039591717309,,,
-4.034706282509016,105.78727745920285,,,
-4.614328137991518,104.2245371457501,,,
-5.31956317422185,101.95656179606704,,,
-6.165569333257208,98.8425802873486,,,
-7.166155524930442,94.72801258695694,,,
-8.329303277350911,89.4502971341448,,,
-9.650024375093988,82.8518605835896,,,
-11.100079997505187,74.8033684106232,,,
-12.61536412726793,65.23959210789404,,,
-14.084686564635367,54.20649336779745,,,
-15.348059969370404,41.910021222965824,,,
-16.21539019358719,28.74621885391741,,,
-16.51127253005153,15.286534148404652,,,
-16.134495212975697,2.2036267599677295,,,
-15.10192335989877,-9.846708775392266,,,
-13.547786184202895,-20.342907135056386,,,
-11.677514567902296,-28.968833878419908,,,
-9.704652749317601,-35.62189880319873,,,
-7.802711206416798,-40.373022185076756,,,
-6.085125639688074,-43.40656000022606,,,
-4.608021309915643,-44.96299348560293,,,
-3.38405994371967,-45.29546560478383,,,
-2.3981442833000375,-44.64202206354509,,,
-1.6204295702242137,-43.21086380923053,,,
-1.0154458477336217,-41.17472183242538,,,
-0.5477311710523531,-38.67086517893895,,,
-0.18485274214086433,-35.804130096541044,,,
0.10133311301006942,-32.6512091589922,,,
0.33451293294244,-29.265108401510986,,,
0.5343628534086714,-25.67915772356354,,,
0.7172927602237258,-21.910277138801042,,,
0.8972946253272969,-17.96139468893497,,,
1.0867934044442291,-13.823013459951966,,,
1.2974603306964672,-9.473965304716724,,,
1.540983544461898,-4.881393935716051,,,
1.8298061111760313,-1.2452261444195756e-12,,,
